{"cameraMode":{"drawMode":0,"name":"Shaded","section":"Shading Mode"},"sceneLighting":true,"audioPlay":false,"sceneViewState":{"showFog":true,"showMaterialUpdate":true,"showSkybox":true,"showFlares":true,"showImageEffects":true,"showParticleSystems":true},"in2DMode":false,"pivot":{"x":7.316074371337891,"y":-1.2360916137695313,"z":9.031323432922364},"rotation":{"x":0.26078808307647707,"y":-0.2023213803768158,"z":0.05599416047334671,"w":0.9422960877418518},"size":35.70668411254883,"orthographic":false}