{"cameraMode":{"drawMode":0,"name":"Shaded","section":"Shading Mode"},"sceneLighting":true,"audioPlay":false,"sceneViewState":{"showFog":true,"showMaterialUpdate":true,"showSkybox":true,"showFlares":true,"showImageEffects":true,"showParticleSystems":true},"in2DMode":false,"pivot":{"x":15.707293510437012,"y":8.104022979736329,"z":-9.961800575256348},"rotation":{"x":0.36596986651420596,"y":-0.3950704336166382,"z":0.17544348537921906,"w":0.8241693377494812},"size":26.167158126831056,"orthographic":false}